ID,Email,Statut,Offre,Date
2,jeanmasse@example.net,preuve_supplémentaire,pro,2025-07-08
3,ulopez@example.org,payé,pro,2025-06-04
4,cgay@example.org,annulé,pro,2025-02-18
5,raymondfournier@example.org,en_attente_validation,essentiel,2025-05-22
6,cbourdon@example.org,preuve_supplémentaire,pro,2025-04-05
7,fgomes@example.com,preuve_supplémentaire,pro,2025-02-22
8,darnaud@example.net,en_attente_validation,sur-mesure,2025-01-23
9,diane21@example.net,preuve_supplémentaire,pro,2025-05-06
10,gosselineleonore@example.com,annulé,sur-mesure,2025-02-13
11,hledoux@example.org,annulé,sur-mesure,2025-02-21
12,penelope42@example.com,preuve_supplémentaire,sur-mesure,2025-03-02
13,legrosluc@example.net,payé,sur-mesure,2025-02-22
14,le-gallaurelie@example.org,annulé,sur-mesure,2025-04-03
15,hantoine@example.net,payé,sur-mesure,2025-03-16
16,timotheegallet@example.org,en_attente_validation,pro,2025-04-26
17,paulroland@example.net,preuve_supplémentaire,essentiel,2025-02-03
18,davidneveu@example.com,annulé,essentiel,2025-02-04
19,imartineau@example.net,preuve_supplémentaire,pro,2025-01-15
20,ochevalier@example.org,payé,essentiel,2025-07-02
21,pierrezoe@example.net,en_attente_validation,essentiel,2025-05-05
22,devauxdanielle@example.com,payé,pro,2025-03-02
23,pauline63@example.com,annulé,essentiel,2025-04-02
24,antoine38@example.com,preuve_supplémentaire,sur-mesure,2025-01-31
25,delormehortense@example.com,annulé,pro,2025-07-02
26,aurorethierry@example.net,en_attente_validation,sur-mesure,2025-05-13
27,btorres@example.net,payé,essentiel,2025-05-27
28,pagesnicole@example.com,annulé,essentiel,2025-02-13
29,joseph59@example.com,payé,essentiel,2025-05-17
30,lemaitrehelene@example.com,preuve_supplémentaire,pro,2025-03-18
31,ejoseph@example.org,en_attente_validation,essentiel,2025-06-07
32,dos-santoscharles@example.net,payé,essentiel,2025-02-12
33,isaacle-gall@example.com,annulé,pro,2025-02-28
34,gmartin@example.org,payé,sur-mesure,2025-03-07
35,pascalclaude@example.com,annulé,pro,2025-02-08
36,bmoulin@example.com,preuve_supplémentaire,sur-mesure,2025-03-12
37,laurentanne@example.com,payé,essentiel,2025-03-20
38,wperrier@example.net,annulé,essentiel,2025-04-08
39,mmichaud@example.org,en_attente_validation,sur-mesure,2025-01-31
40,elisabeth04@example.com,en_attente_validation,pro,2025-04-06
41,qgodard@example.org,preuve_supplémentaire,essentiel,2025-03-26
42,augustegeorges@example.com,payé,pro,2025-06-07
43,goncalvesalexandre@example.net,en_attente_validation,essentiel,2025-02-21
44,philippeleconte@example.org,annulé,essentiel,2025-02-07
45,dorotheesamson@example.org,preuve_supplémentaire,sur-mesure,2025-03-25
46,philippine45@example.com,preuve_supplémentaire,essentiel,2025-01-24
47,pascalchristophe@example.com,en_attente_validation,pro,2025-04-15
48,zhoareau@example.org,en_attente_validation,essentiel,2025-07-04
49,kbenoit@example.com,payé,sur-mesure,2025-06-27
50,jolyelise@example.net,payé,essentiel,2025-06-09
51,martineztheodore@example.org,preuve_supplémentaire,essentiel,2025-03-13
52,ngrenier@example.org,payé,sur-mesure,2025-04-02
53,mariemarcelle@example.com,payé,essentiel,2025-02-24
54,gimenezrenee@example.com,annulé,essentiel,2025-07-03
55,constance11@example.net,en_attente_validation,pro,2025-02-06
56,mbrunel@example.net,payé,sur-mesure,2025-06-24
57,marinvictoire@example.net,preuve_supplémentaire,sur-mesure,2025-05-18
58,luc35@example.com,en_attente_validation,sur-mesure,2025-01-14
59,camille42@example.com,en_attente_validation,pro,2025-05-11
60,diane09@example.com,en_attente_validation,pro,2025-05-07
61,stephanepascal@example.org,preuve_supplémentaire,pro,2025-05-20
62,olivierbrigitte@example.com,preuve_supplémentaire,pro,2025-03-03
63,morenotimothee@example.net,payé,sur-mesure,2025-02-21
64,yjulien@example.net,en_attente_validation,pro,2025-05-01
65,salves@example.net,en_attente_validation,pro,2025-05-02
66,dorothee97@example.com,payé,essentiel,2025-06-15
67,lesagesimone@example.com,en_attente_validation,pro,2025-06-22
68,huguestexier@example.com,annulé,pro,2025-01-31
69,laetitia27@example.net,annulé,sur-mesure,2025-03-03
70,eugenebernier@example.net,en_attente_validation,essentiel,2025-01-09
71,germainlaure@example.com,preuve_supplémentaire,sur-mesure,2025-03-29
72,lelievreluce@example.com,en_attente_validation,pro,2025-06-01
73,hortenselaunay@example.net,payé,sur-mesure,2025-05-25
74,gerardvalentine@example.net,en_attente_validation,sur-mesure,2025-06-09
75,william59@example.net,preuve_supplémentaire,essentiel,2025-06-19
76,xjourdan@example.org,payé,essentiel,2025-06-13
77,constance93@example.org,annulé,essentiel,2025-06-03
78,anoukhardy@example.net,en_attente_validation,pro,2025-03-13
79,greniervictoire@example.com,preuve_supplémentaire,essentiel,2025-07-06
80,lecoqphilippine@example.net,preuve_supplémentaire,essentiel,2025-03-27
81,couturierstephane@example.com,preuve_supplémentaire,essentiel,2025-02-06
82,patricialacombe@example.org,annulé,essentiel,2025-05-28
83,nle-gall@example.org,preuve_supplémentaire,pro,2025-03-18
84,oceanelucas@example.org,payé,sur-mesure,2025-05-12
85,pauline37@example.net,annulé,pro,2025-06-27
86,josettecamus@example.net,payé,sur-mesure,2025-07-02
87,carpentierlaurence@example.net,payé,essentiel,2025-01-26
88,susanne27@example.net,en_attente_validation,sur-mesure,2025-07-07
89,mathilde62@example.com,en_attente_validation,pro,2025-03-30
90,halves@example.org,preuve_supplémentaire,essentiel,2025-02-19
91,jmaillet@example.com,annulé,essentiel,2025-07-03
92,xchretien@example.net,annulé,sur-mesure,2025-05-22
93,anouk94@example.net,payé,essentiel,2025-04-13
94,morvanfrederic@example.org,annulé,sur-mesure,2025-07-07
95,odette55@example.com,en_attente_validation,pro,2025-01-14
96,kvaillant@example.org,payé,sur-mesure,2025-03-01
97,bernadettelagarde@example.com,en_attente_validation,essentiel,2025-06-07
98,nreynaud@example.org,preuve_supplémentaire,sur-mesure,2025-07-01
99,christellelopez@example.net,preuve_supplémentaire,essentiel,2025-04-21
100,duboisnicole@example.com,preuve_supplémentaire,pro,2025-02-26
101,thomassusanne@example.net,en_attente_validation,pro,2025-03-23
102,sdeschamps@example.org,en_attente_validation,sur-mesure,2025-05-29
103,luciebernier@example.org,preuve_supplémentaire,essentiel,2025-06-23
104,clementolivier@example.org,payé,pro,2025-02-26
105,thibaultmace@example.com,preuve_supplémentaire,pro,2025-04-16
106,jjacques@example.com,en_attente_validation,essentiel,2025-05-28
107,lucasgilles@example.org,preuve_supplémentaire,pro,2025-05-23
108,richardmichelle@example.net,annulé,essentiel,2025-02-12
109,chantal15@example.com,payé,essentiel,2025-06-02
110,eleonore07@example.net,preuve_supplémentaire,sur-mesure,2025-05-22
111,josette54@example.com,en_attente_validation,sur-mesure,2025-02-19
112,emile50@example.com,payé,sur-mesure,2025-02-25
113,kgirard@example.org,payé,pro,2025-05-01
114,etiennelabbe@example.com,payé,pro,2025-04-28
115,henriguerin@example.com,preuve_supplémentaire,sur-mesure,2025-04-09
116,audreyleveque@example.org,annulé,essentiel,2025-03-12
117,sbonneau@example.org,annulé,sur-mesure,2025-01-31
118,anne39@example.org,annulé,pro,2025-07-10
119,roland45@example.org,preuve_supplémentaire,sur-mesure,2025-05-14
120,cecileperrot@example.com,preuve_supplémentaire,essentiel,2025-07-04
121,obernier@example.com,annulé,pro,2025-04-20
122,franck57@example.net,en_attente_validation,essentiel,2025-07-09
123,iseguin@example.com,preuve_supplémentaire,essentiel,2025-03-02
124,edouard59@example.org,en_attente_validation,pro,2025-01-10
125,sebastienjoly@example.org,annulé,essentiel,2025-03-14
126,schmittsusan@example.com,payé,pro,2025-07-10
127,cousinsabine@example.org,payé,essentiel,2025-02-13
128,xriou@example.org,annulé,pro,2025-03-12
129,guylenoir@example.net,annulé,essentiel,2025-07-08
130,marineneveu@example.org,en_attente_validation,essentiel,2025-06-04
131,lucnguyen@example.com,payé,essentiel,2025-04-10
132,ollivierbertrand@example.net,en_attente_validation,sur-mesure,2025-06-20
133,duboissimone@example.org,annulé,pro,2025-07-09
134,danielblondel@example.com,en_attente_validation,pro,2025-04-07
135,christophe95@example.org,preuve_supplémentaire,essentiel,2025-01-26
136,lucy50@example.org,annulé,sur-mesure,2025-03-29
137,ccamus@example.com,annulé,essentiel,2025-02-03
138,alexandre50@example.com,preuve_supplémentaire,sur-mesure,2025-04-02
139,abourgeois@example.org,preuve_supplémentaire,pro,2025-01-15
140,opascal@example.org,payé,sur-mesure,2025-03-27
141,christelle90@example.org,en_attente_validation,pro,2025-05-21
142,alfred31@example.org,en_attente_validation,sur-mesure,2025-05-25
143,diane11@example.net,en_attente_validation,essentiel,2025-02-19
144,brunjerome@example.com,en_attente_validation,essentiel,2025-03-18
145,andregarcia@example.org,preuve_supplémentaire,pro,2025-02-05
146,anais74@example.com,payé,sur-mesure,2025-03-10
147,xavier07@example.net,annulé,essentiel,2025-02-08
148,margotperret@example.net,payé,sur-mesure,2025-03-23
149,ndupre@example.com,payé,essentiel,2025-04-15
150,huguesfleury@example.net,preuve_supplémentaire,sur-mesure,2025-01-14
151,lemoinebenjamin@example.com,preuve_supplémentaire,sur-mesure,2025-06-13
